<window>
    <allowoverlay>no</allowoverlay>   
    <onload>ActivateWindow(9506)</onload>
    <onunload>ActivateWindow(12005)</onunload>
    <onload condition="System.HasAddon(script.tv.show.next.aired)">RunScript(script.tv.show.next.aired,backend=True)</onload>
    <onload condition="System.HasAddon(script.extendedinfo)">RunScript(script.extendedinfo,info=trendingshows)</onload>
    <coordinates>
        <system>1</system>
        <posx>0</posx>
        <posy>0</posy>
    </coordinates>
    <animation effect="fade" time="700">WindowOpen</animation>
    <animation effect="fade" time="700">WindowClose</animation>
    <controls>
        <control type="button" id="99">
            <visible>false</visible>			
            <label>0xFFFFFFFF</label><!--focused text color-->
        </control>
        <control type="button" id="100">
            <visible>false</visible>			
            <label>0xFFFFFFFF</label><!--text color-->
        </control>
        <control type="button" id="105">
            <visible>false</visible>			
            <label>font14</label><!--text font-->
        </control>
<!--    <control type="button" id="106">
            <visible>false</visible>			
            <label>3</label><!--EPG row count, 6 default-->
        <!-- </control> -->
<!--EPG Background-->
        <control type="image">
            <description>Info Background</description>
            <posx>0</posx>
            <posy>0</posy>
            <width>1280</width>
            <height>720</height>
            <texture>pstvlBackground.png</texture>
            <colordiffuse>FFFFFFFF</colordiffuse>
        </control>     
        <control type="image">
            <description>Info Background</description>
            <posx>0</posx>
            <posy>0</posy>
            <width>1280</width>
            <height>720</height>
            <texture>pstvlBackground1.png</texture>
            <colordiffuse>FFFFFFFF</colordiffuse>
        </control>       
<!--         <control type="image">
            <description>Channel Background</description>
            <posx>0</posx>
            <posy>0</posy>
            <width>274</width>
            <height>720</height>
        </control> -->
        
        <!-- Today Nextaired -->
       <!--  <control type="image">
            <posx>0</posx>
            <posy>31</posy>
            <width>200</width>
            <height>125</height>
            <align>center</align>
            <aspectratio>keep</aspectratio>
            <animation effect="slide" end="285,0" time="500">WindowOpen</animation>
            <visible>!IsEmpty(Window(Home).Property(NextAired.1.Label))</visible>
            <texture fallback="landscape.png">$INFO[Window(Home).Property(NextAired.1.Art(landscape)]</texture>
            <aspectratio align="center">keep</aspectratio>
            <visible>!IsEmpty(Window(Home).property(TVGuide.PreviewThumbs))</visible>
            <fadetime>500</fadetime>
        </control>
        <control type="image">
            <posx>0</posx>
            <posy>30</posy>
            <width>200</width>
            <height>30</height>
            <align>center</align>
            <aspectratio>scale</aspectratio>
            <animation effect="slide" end="285,0" time="500">WindowOpen</animation>
            <texture>seek/progresscache_back.png</texture>
            <visible>!IsEmpty(Window(Home).Property(NextAired.1.Label))</visible>
            <fadetime>500</fadetime>
        </control> 
        <control type="label">
            <posx>0</posx>
            <posy>30</posy>
            <width>200</width>
            <height>125</height>
            <align>center</align>
            <animation effect="slide" end="285,0" time="500">WindowOpen</animation>
            <label>$INFO[Window(Home).Property(NextAired.1.Label)]</label>
            <visible>!IsEmpty(Window(Home).Property(NextAired.1.Label))</visible>
            <textcolor>FFFFFFFF</textcolor>
            <fadetime>500</fadetime>
        </control> 
        <control type="label">
            <posx>0</posx>
            <posy>125</posy>
            <width>200</width>
            <height>125</height>
            <align>center</align>
            <animation effect="slide" end="285,0" time="500">WindowOpen</animation>
            <label>$INFO[Window(Home).Property(NextAired.1.Airtime)]</label>
            <visible>!IsEmpty(Window(Home).Property(NextAired.1.Label))</visible>
            <texture>seek/progresscache_back.png</texture>
            <textcolor>FFFFFFFF</textcolor>
            <fadetime>500</fadetime>
        </control>  -->
       <!--  <control type="label">
            <posx>0</posx>
            <posy>10</posy>
            <height>10</height>
            <align>center</align>
            <width min="55" max="300">auto</width>
            <animation effect="slide" end="655,0" time="1000">WindowOpen</animation>
            <label>$INFO[Window(Home).Property(NextAired.2.Label)]</label>
            <textcolor>C0C0C0C0</textcolor>
            <fadetime>1000</fadetime>
        </control> 
        <control type="label">
            <posx>0</posx>
            <posy>160</posy>
            <height>10</height>
            <width min="55" max="300">auto</width>
            <align>center</align>
            <animation effect="slide" end="655,0" time="1000">WindowOpen</animation>
            <label>$INFO[Window(Home).Property(NextAired.2.Airtime)]</label>
            <textcolor>C0C0C0C0</textcolor>
            <fadetime>1000</fadetime>
        </control> 
        <control type="image">
            <posx>0</posx>
            <posy>31</posy>
            <width>300</width>
            <height>125</height>
            <align>center</align>
            <aspectratio>keep</aspectratio>
            <animation effect="slide" end="620,0" time="1000">WindowOpen</animation>
            <texture fallback="landscape.png">$INFO[Window(Home).Property(NextAired.2.Art(landscape)]</texture>
            <fadetime>1000</fadetime>
        </control>
        <control type="label">
            <posx>0</posx>
            <posy>10</posy>
            <align>center</align>
            <width min="55" max="300">auto</width>
            <height>10</height>
            <animation effect="slide" end="955,0" time="1500">WindowOpen</animation>
            <label>$INFO[Window(Home).Property(NextAired.3.Label)]</label>
            <texture>Bottom2.png</texture>
            <textcolor>C0C0C0C0</textcolor>
            <fadetime>1500</fadetime>
        </control> 
        <control type="label">
            <posx>0</posx>
            <posy>160</posy>
            <height>10</height>
            <align>center</align>
            <width min="55" max="300">auto</width>
            <fadetime>1500</fadetime>
            <animation effect="slide" end="990,0" time="1500">WindowOpen</animation>
            <shadowcolor>7fffffff</shadowcolor>
            <label>$INFO[Window(Home).Property(NextAired.3.Airtime)]</label>
            <textcolor>C0C0C0C0</textcolor>
            <autoscroll delay="3000" time="1000" repeat="10000">!Control.HasFocus(13)</autoscroll>
        </control> 
        <control type="image">
            <posx>0</posx>
            <posy>31</posy>
            <width>300</width>
            <height>125</height>
            <align>center</align>
            <aspectratio>keep</aspectratio>
            <animation effect="slide" end="955,0" time="1500">WindowOpen</animation>   
            <texture fallback="landscape.png">$INFO[Window(Home).Property(NextAired.3.Art(landscape)]</texture>
            <fadetime>1500</fadetime>
        </control> -->
        <!-- Trending -->  
         <control type="group"> 
            <control type="label">
                <posx>-15</posx>
                <posy>5</posy>
                <align>center</align>
                <width>300</width>
                <height>30</height>
                <textcolor>C0C0C0C0</textcolor>
                <font>font12</font>
                <label>$INFO[Window(Home).Property(TrendingShows.1.Title)]</label>            
                <animation type="Visible" reversible="false">
                    <effect type="fade" start="0" end="1000" time="1000" delay="500" tween="sine" easing="inout" />
                </animation>
                <animation type="Hidden" reversible="false">
                    <effect type="fade" start="1000" end="0" time="1000" tween="sine" easing="inout" />
                </animation>
                <visible>StringCompare(Control.GetLabel(523),)</visible>
            </control>
            <control type="image">
                <posx>-15</posx>
                <posy>31</posy>
                <width>300</width>
                <height>125</height>
                <aspectratio>keep</aspectratio>
                <texture>$INFO[Window(Home).Property(TrendingShows.1.Art(fanart))]</texture>     
                <animation type="Visible" reversible="false">
                    <effect type="fade" start="0" end="1000" time="500" delay="500" tween="sine" easing="inout" />
                </animation>
                <animation type="Hidden" reversible="false">
                    <effect type="fade" start="1000" end="0" time="500" tween="sine" easing="inout" />
                </animation>
                <visible>StringCompare(Control.GetLabel(523),)</visible>
            </control> 
            <!-- Label for trending text -->
            <control type="label">
                <posx>-15</posx>
                <posy>160</posy>
                <align>center</align>
                <width>300</width>
                <height>30</height>
                <font>font12</font>
                <fadetime>250</fadetime>
                <textcolor>C0C0C0C0</textcolor>
                <label>Trending Now</label>
                <visible>StringCompare(Control.GetLabel(523),)</visible>
            </control>
            <!-- Label for videowindow text -->
            <control type="label" id="523">           
                <posx>-15</posx>
                <posy>160</posy>
                <align>center</align>
                <width>300</width>
                <height>30</height>
                <font>font12</font>
                <fadetime>250</fadetime>
                <textcolor>C0C0C0C0</textcolor>
                <visible>false</visible>
            </control>
            <!-- #### Skinners Include Everything for videowindow patch to work #### -->
            <!-- PATCH START --> <!-- 
            <control type="videowindow">
                <description>video</description>
                <posx>-15</posx>
                <posy>31</posy>
                <width>300</width>
                <height>125</height>
                <aspectratio>keep</aspectratio>
            </control>
            --> <!-- PATCH END -->
            <!-- ################################################################## -->
        </control>       
           <!--  <control type="label">
                <posx>-15</posx>
                <posy>5</posy>
                <width>300</width>
                <height>10</height>
                <align>center</align>
                <textcolor>C0C0C0C0</textcolor>
                <label>$INFO[Window(Home).Property(TrendingShows.2.Title)]</label>     
                <animation type="Visible" reversible="false">
                    <effect type="fade" start="2000" end="3000" time="1000" delay="1500" tween="sine" easing="inout" />
                </animation>
                <animation type="Hidden" reversible="false">
                    <effect type="fade" start="3000" end="2000" time="1000" tween="sine" easing="inout" />
                </animation>
            </control>
            <control type="image">
                <posx>-15</posx>
                <posy>31</posy>
                <width>300</width>
                <height>125</height>
                <aspectratio>keep</aspectratio>
                <texture>$INFO[Window(Home).Property(TrendingShows.2.Art(fanart))]</texture>        
                <animation type="Visible" reversible="false">
                    <effect type="fade" start="0" end="2000" time="1000" delay="500" tween="sine" easing="inout" />
                </animation>
                <animation type="Hidden" reversible="false">
                    <effect type="fade" start="2000" end="0" time="1000" tween="sine" easing="inout" />
                </animation>
            </control>   -->
           <!--  <control type="label">
                <posx>-15</posx>
                <posy>5</posy>
                <width>300</width>
                <height>10</height>
                <align>center</align>
                <textcolor>C0C0C0C0</textcolor>
                <label>$INFO[Window(Home).Property(TrendingShows.3.Title)]</label>       
                <animation type="Visible" reversible="false">
                    <effect type="fade" start="0" end="1000" time="300" delay="500" tween="sine" easing="inout" />
                </animation>
                <animation type="Hidden" reversible="false">
                    <effect type="fade" start="1000" end="0" time="300" tween="sine" easing="inout" />
                </animation>
            </control>
            <control type="image">
                <posx>-15</posx>
                <posy>31</posy>
                <width>300</width>
                <height>125</height>
                <aspectratio>keep</aspectratio>
                <texture>$INFO[Window(Home).Property(TrendingShows.3.Art(fanart))]</texture>     
                <animation type="Visible" reversible="false">
                    <effect type="fade" start="0" end="1000" time="300" delay="500" tween="sine" easing="inout" />
                </animation>
                <animation type="Hidden" reversible="false">
                    <effect type="fade" start="1000" end="0" time="300" tween="sine" easing="inout" />
                </animation>
            </control>   
            <control type="label">
                <posx>-15</posx>
                <posy>5</posy>
                <width>300</width>
                <height>10</height>
                <align>center</align>
                <textcolor>C0C0C0C0</textcolor>
                <label>$INFO[Window(Home).Property(TrendingShows.4.Title)]</label>        
                <animation type="Visible" reversible="false">
                    <effect type="fade" start="0" end="1000" time="300" delay="500" tween="sine" easing="inout" />
                </animation>
                <animation type="Hidden" reversible="false">
                    <effect type="fade" start="1000" end="0" time="300" tween="sine" easing="inout" />
                </animation>
            </control>
            <control type="image">
                <posx>-15</posx>
                <posy>31</posy>
                <width>300</width>
                <height>125</height>
                <aspectratio>keep</aspectratio>
                <texture>$INFO[Window(Home).Property(TrendingShows.4.Art(fanart))]</texture>       
                <animation type="Visible" reversible="false">
                    <effect type="fade" start="0" end="1000" time="300" delay="500" tween="sine" easing="inout" />
                </animation>
                <animation type="Hidden" reversible="false">
                    <effect type="fade" start="1000" end="0" time="300" tween="sine" easing="inout" />
                </animation>
            </control>  
            <control type="label">
                <posx>-15</posx>
                <posy>5</posy>
                <width>300</width>
                <height>10</height>
                <align>center</align>
                <textcolor>C0C0C0C0</textcolor>
                <label>$INFO[Window(Home).Property(TrendingShows.5.Title)]</label>        
                <animation type="Visible" reversible="false">
                    <effect type="fade" start="0" end="1000" time="300" delay="500" tween="sine" easing="inout" />
                </animation>
                <animation type="Hidden" reversible="false">
                    <effect type="fade" start="1000" end="0" time="300" tween="sine" easing="inout" />
                </animation>
            </control>
            <control type="image">
                <posx>-15</posx>
                <posy>31</posy>
                <width>300</width>
                <height>125</height>
                <aspectratio>keep</aspectratio>
                <texture>$INFO[Window(Home).Property(TrendingShows.5.Art(fanart))]</texture>        
                <animation type="Visible" reversible="false">
                    <effect type="fade" start="0" end="1000" time="300" delay="500" tween="sine" easing="inout" />
                </animation>
                <animation type="Hidden" reversible="false">
                    <effect type="fade" start="1000" end="0" time="300" tween="sine" easing="inout" />
                </animation>
            </control>  
            <control type="label">
                <posx>-15</posx>
                <posy>5</posy>
                <width>300</width>
                <height>10</height>
                <align>center</align>
                <textcolor>C0C0C0C0</textcolor>
                <label>$INFO[Window(Home).Property(TrendingShows.6.Title)]</label>       
                <animation type="Visible" reversible="false">
                    <effect type="fade" start="0" end="1000" time="300" delay="500" tween="sine" easing="inout" />
                </animation>
                <animation type="Hidden" reversible="false">
                    <effect type="fade" start="1000" end="0" time="300" tween="sine" easing="inout" />
                </animation>
            </control>
            <control type="image">
                <posx>-15</posx>
                <posy>31</posy>
                <width>300</width>
                <height>125</height>
                <aspectratio>keep</aspectratio>
                <texture>$INFO[Window(Home).Property(TrendingShows.6.Art(fanart))]</texture>      
                <animation type="Visible" reversible="false">
                    <effect type="fade" start="0" end="1000" time="300" delay="500" tween="sine" easing="inout" />
                </animation>
                <animation type="Hidden" reversible="false">
                    <effect type="fade" start="1000" end="0" time="300" tween="sine" easing="inout" />
                </animation>
            </control>   --> 
        <!--Date-->
		<control type="label" id="104">
            <description>Date Label</description>
            <posx>65</posx>
            <posy>200</posy>
            <width>270</width>
            <height>26</height>
            <label>Current Date</label>
            <font>font12</font>
            <align>left</align>
            <aligny>center</aligny>
            <textcolor>FFFFFFFF</textcolor>
        </control>
         <control type="label" id="101">
            <description>Time Left Label</description>
            <posx>285</posx>
            <posy>200</posy>
            <width>270</width>
            <height>26</height>
            <label>Time 1</label>
            <font>font12</font>
            <align>left</align>
            <aligny>center</aligny>
            <textcolor>FFFFFFFF</textcolor>
        </control>
		<control type="label" id="102">
            <description>Time Middle Label</description>
            <posx>620</posx>
            <posy>200</posy>
            <width>270</width>
            <height>26</height>
            <label>Time 2</label>
            <font>font12</font>
            <align>left</align>
            <aligny>center</aligny>
            <textcolor>FFFFFFFF</textcolor>
        </control>
		<control type="label" id="103">
            <description>Time Right Label</description>
            <posx>955</posx>
            <posy>200</posy>
            <width>270</width>
            <height>26</height>
            <label>Time 3</label>
            <font>font12</font>
            <align>left</align>
            <aligny>center</aligny>
            <textcolor>FFFFFFFF</textcolor>
        </control>
<!--Dark Column-->    
       <control type="image" id="503">
            <description>Show Channel Icon</description>
            <posx>-40</posx>
            <posy>680</posy>
            <width>180</width>
            <height>40</height>
            <aspectratio>keep</aspectratio>
            <align>left</align>
            <aligny>center</aligny>
        </control>              
        <control type="grouplist">            
            <posx>0</posx>
            <posy>225</posy>
            <itemgap>0</itemgap>
            <orientation>vertical</orientation>
            <control type="image">
                <description>Channel Overlay</description>
                <width>274</width>
                <height>50</height>
                <colordiffuse>FFFFFFFF</colordiffuse>
                <texture>pstvlButtonNoFocus.png</texture>
            </control>
            <control type="image">
                <description>Channel Overlay</description>
                <width>274</width>
                <height>50</height>
                <colordiffuse>FFFFFFFF</colordiffuse>
                <texture>pstvlButtonNoFocus.png</texture>
            </control>
            <control type="image">
                <description>Channel Overlay</description>
                <width>274</width>
                <height>50</height>
                <colordiffuse>FFFFFFFF</colordiffuse>
                <texture>pstvlButtonNoFocus.png</texture>
            </control>    
            <control type="image">
                <description>Channel Overlay</description>
                <width>274</width>
                <height>50</height>
                <colordiffuse>FFFFFFFF</colordiffuse>
                <texture>pstvlButtonNoFocus.png</texture>
            </control>
            <control type="image">
                <description>Channel Overlay</description>
                <width>274</width>
                <height>50</height>
                <colordiffuse>FFFFFFFF</colordiffuse>
                <texture>pstvlButtonNoFocus.png</texture>
            </control>
            <control type="image">
                <description>Channel Overlay</description>
                <width>274</width>
                <height>50</height>
                <colordiffuse>FFFFFFFF</colordiffuse>
                <texture>pstvlButtonNoFocus.png</texture>
            </control>
        </control> 
        <control type="grouplist">
            <posx>285</posx>
            <posy>525</posy>
            <width>950</width>
            <height>40</height>
            <align>left</align>
            <aligny>bottom</aligny>
            <orientation>horizontal</orientation>
            <itemgap>5</itemgap>
            <control type="label" id="500">
                <description>Show Name Label</description>
                <width min="55" max="600">auto</width>
                <height>30</height>
                <label>Show Name</label>
                <font>font14</font>
                <textcolor>FF0297eb</textcolor>
                <scroll>true</scroll>
                <wrapmultiline>false</wrapmultiline>
                <scrollspeed>50</scrollspeed>
                <scrollsuffix> - </scrollsuffix>
            </control>
            <control type="label">
                <description>Showtitle Sep Label</description>
                <width>10</width>
                <height>30</height>
                <label>�</label>
                <font>font14</font>
                <textcolor>FF0297eb</textcolor>
                <visible>!VideoPlayer.Content(movie)</visible>
            </control>
            <control type="label" id="501">
                <description>Show Title Label</description>
                <width min="55" max="600">auto</width>
                <height>30</height>
                <label>Show Title</label>
                <font>font14</font>
                <textcolor>FFFFFFFF</textcolor>
                <scroll>true</scroll>
                <wrapmultiline>false</wrapmultiline>
                <scrollspeed>50</scrollspeed>
                <scrollsuffix> - </scrollsuffix>
            </control>
        </control>
        <control type="label" id="502">
            <description>Show Description</description>
            <posx>285</posx>
            <posy>570</posy>
            <width>950</width>
            <height>100</height>
            <align>left</align>
            <aligny>top</aligny>
            <label>Show Description</label>
            <textcolor>FFFFFFFF</textcolor>
            <font>font12</font>
            <wrapmultiline>true</wrapmultiline>
            <autoscroll time="1000" delay="1000" repeat="2000">Skin.HasSetting(AutoScroll)</autoscroll>
        </control>
        <control type="grouplist">            
            <posx>0</posx>
            <posy>227</posy>
            <itemgap>9</itemgap>
            <orientation>vertical</orientation>
            <!--CHANNEL Number-->
            <control type="label" id="311">
                <description>Channel 1 Number</description>
                <width>40</width>
                <height>42</height>
                <label>1</label>
                <font>font14</font>
                <align>right</align>
                <aligny>center</aligny>
                <textcolor>FFFFFFFF</textcolor>
            </control>
            <control type="label" id="312">
                <description>Channel 2 Number</description>
                <width>40</width>
                <height>42</height>
                <label>2</label>
                <font>font14</font>
                <align>right</align>
                <aligny>center</aligny>
                <textcolor>FFFFFFFF</textcolor>
            </control>
            <control type="label" id="313">
                <description>Channel 3 Number</description>
                <width>40</width>
                <height>42</height>
                <label>3</label>
                <font>font14</font>
                <align>right</align>
                <aligny>center</aligny>
                <textcolor>FFFFFFFF</textcolor>
            </control>
            <control type="label" id="314">
                <description>Channel 4 Number</description>
                <width>40</width>
                <height>42</height>
                <label>4</label>
                <font>font14</font>
                <align>right</align>
                <aligny>center</aligny>
                <textcolor>FFFFFFFF</textcolor>
            </control>
            <control type="label" id="315">
                <description>Channel 5 Number</description>
                <width>40</width>
                <height>42</height>
                <label>5</label>
                <font>font14</font>
                <align>right</align>
                <aligny>center</aligny>
                <textcolor>FFFFFFFF</textcolor>
            </control>      
            <control type="label" id="316">
                <description>Channel 6 Number</description>
                <width>40</width>
                <height>42</height>
                <label>6</label>
                <font>font14</font>
                <align>right</align>
                <aligny>center</aligny>
                <textcolor>FFFFFFFF</textcolor>
            </control>
        </control>
        <control type="grouplist">            
            <posx>55</posx>
            <posy>227</posy>
            <itemgap>9</itemgap>
            <orientation>vertical</orientation>
            <!--CHANNEL Name/Icon-->
            <control type="label" id="301">
                <description>Channel 1 Name</description>
                <width>200</width>
                <height>42</height>
                <label>Channel</label>
                <font>font14</font>
                <align>left</align>
                <aligny>center</aligny>
                <textcolor>FF0297eb</textcolor>
                <visible>StringCompare(Control.GetLabel(321),)</visible>
            </control>
            <control type="image" id="321">
                <description>Channel 1 Icon</description>
                <width>200</width>
                <height>42</height>
                <align>left</align>
                <aligny>center</aligny>
                <aspectratio>keep</aspectratio>
                <visible>!StringCompare(Control.GetLabel(321),)</visible>
            </control>
            <control type="label" id="302">
                <description>Channel 2 Name</description>
                <width>200</width>
                <height>42</height>
                <posy>2</posy>
                <label>Channel</label>
                <font>font14</font>
                <align>left</align>
                <aligny>center</aligny>
                <textcolor>FF0297eb</textcolor>
                <visible>StringCompare(Control.GetLabel(322),)</visible>
            </control>
            <control type="image" id="322">
                <description>Channel 2 Icon</description>
                <width>200</width>
                <height>42</height>
                <align>left</align>
                <aligny>center</aligny>
                <aspectratio>keep</aspectratio>
                <visible>!StringCompare(Control.GetLabel(322),)</visible>
            </control>
            <control type="label" id="303">
                <description>Channel 3 Name</description>
                <width>200</width>
                <height>42</height>
                <posy>4</posy>
                <label>Channel</label>
                <font>font14</font>
                <align>left</align>
                <aligny>center</aligny>
                <textcolor>FF0297eb</textcolor>
                <visible>StringCompare(Control.GetLabel(323),)</visible>
            </control>
            <control type="image" id="323">
                <description>Channel 3 Icon</description>
                <width>200</width>
                <height>42</height>
                <align>left</align>
                <aligny>center</aligny>
                <aspectratio>keep</aspectratio>
                <visible>!StringCompare(Control.GetLabel(323),)</visible>
            </control>
            <control type="label" id="304">
                <description>Channel 4 Name</description>
                <width>200</width>
                <height>42</height>
                <posy>6</posy>
                <label>Channel</label>
                <font>font14</font>
                <align>left</align>
                <aligny>center</aligny>
                <textcolor>FF0297eb</textcolor>
                <visible>StringCompare(Control.GetLabel(324),)</visible>
            </control>
            <control type="image" id="324">
                <description>Channel 4 Icon</description>
                <width>200</width>
                <height>42</height>
                <align>left</align>
                <aligny>center</aligny>
                <aspectratio>keep</aspectratio>
                <visible>!StringCompare(Control.GetLabel(324),)</visible>
            </control>
            <control type="label" id="305">
                <description>Channel 5 Name</description>
                <width>200</width>
                <height>42</height>
                <posy>8</posy>
                <label>Channel</label>
                <font>font14</font>
                <align>left</align>
                <aligny>center</aligny>
                <textcolor>FF0297eb</textcolor>
                <visible>StringCompare(Control.GetLabel(325),)</visible>
            </control>
            <control type="image" id="325">
                <description>Channel 5 Icon</description>
                <width>200</width>
                <height>42</height>
                <align>left</align>
                <aligny>center</aligny>
                <aspectratio>keep</aspectratio>
                <visible>!StringCompare(Control.GetLabel(325),)</visible>
            </control>  
            <control type="label" id="306">
                <description>Channel 6 Name</description>
                <width>200</width>
                <height>42</height>
                <posy>10</posy>
                <label>Channel</label>
                <font>font14</font>
                <align>left</align>
                <aligny>center</aligny>
                <textcolor>FF0297eb</textcolor>
                <visible>StringCompare(Control.GetLabel(326),)</visible>
            </control>
            <control type="image" id="326">
                <description>Channel 6 Icon</description>
                <width>200</width>
                <height>42</height>
                <align>left</align>
                <aligny>center</aligny>
                <aspectratio>keep</aspectratio>
                <visible>!StringCompare(Control.GetLabel(326),)</visible>
            </control>   
        </control>      
        <!--SHOW LISTINGS-->
        <control type="image">
            <description>Channel Background</description>
            <posx>274</posx>
            <posy>225</posy>
            <width>1280</width>
            <height>50</height>
        </control>
		<control type="group" id="111">
            <posx>274</posx>
            <posy>225</posy>
            <width>1005</width>
            <height>50</height>
        </control>
        <control type="image">
            <description>Channel Background</description>
            <posx>274</posx>
            <posy>275</posy>
            <width>1280</width>
            <height>50</height>
        </control>
        <control type="group" id="112">
            <posx>274</posx>
            <posy>275</posy>
            <width>1005</width>
            <height>50</height>
        </control>
        <control type="image">
            <description>Channel Background</description>
            <posx>274</posx>
            <posy>325</posy>
            <width>1280</width>
            <height>50</height>
        </control>
        <control type="group" id="113">
            <posx>274</posx>
            <posy>325</posy>
            <width>1005</width>
            <height>50</height>
        </control>
        <control type="image">
            <description>Channel Background</description>
            <posx>274</posx>
            <posy>375</posy>
            <width>1280</width>
            <height>50</height>
        </control>
        <control type="group" id="114">
            <posx>274</posx>
            <posy>375</posy>
            <width>1005</width>
            <height>50</height>
        </control>
        <control type="image">
            <description>Channel Background</description>
            <posx>274</posx>
            <posy>425</posy>
            <width>1280</width>
            <height>50</height>
        </control>
        <control type="group" id="115">
            <posx>274</posx>
            <posy>425</posy>
            <width>1005</width>
            <height>50</height>
        </control>
        <control type="image">
            <description>Channel Background</description>
            <posx>274</posx>
            <posy>475</posy>
            <width>1280</width>
            <height>50</height>
        </control>
        <control type="group" id="116">
            <posx>274</posx>
            <posy>475</posy>
            <width>1005</width>
            <height>50</height>
        </control>
<!--         <control type="group" id="120">
            <posx>274</posx>
            <posy>225</posy>
            <width>1005</width>
            <height>50</height>
        </control> -->
        <control type="image" id="120">
            <posx>274</posx>
            <posy>225</posy>
            <width>15</width>
            <height>300</height>
            <aspectratio>keep</aspectratio>
        </control>
        
        
        <!--NowPlaying.Window-->>
        <control type="group">            
            <posx>-15</posx>
            <posy>530</posy>
            <!--Movie.landscape Now Playing-->        
            <control type="image">
                <description>landscape</description>
                <colordiffuse>FFFFFFFF</colordiffuse>
                <width>300</width>
                <height>125</height>
                <align>center</align>
                <aspectratio>keep</aspectratio>
                <texture fallback="landscape.png">$INFO[Player.Art(landscape)]</texture>
            </control>
            <!--TV.landscape Now Playing-->
            <control type="image">
                <description>landscape</description>
                <colordiffuse>FFFFFFFF</colordiffuse>
                <width>300</width>
                <height>125</height>
                <align>center</align>
                <aspectratio>keep</aspectratio>
                <texture>$INFO[Player.Art(tvshow.landscape)]</texture>
                <visible>VideoPlayer.Content(episodes)</visible>
            </control>
            <!--hulu-->
            <control type="image">
                <description>hulu</description>
                <colordiffuse>FFFFFFFF</colordiffuse>
                <width>300</width>
                <height>125</height>
                <align>center</align>
                <aspectratio>keep</aspectratio>
                <texture>EPG.Hulu</texture>
                <visible>[substring(Player.FilenameAndPath,hulu) + IsEmpty(Player.Art(tvshow.landscape))]</visible>
            </control>            
            <control type="button" id="507">
                <description>Dynamic art</description>
                <label>landscape</label>
                <visible>false</visible>
            </control>
            <control type="image" id="508">
                <description>Dynamic art</description>
                <colordiffuse>FFFFFFFF</colordiffuse>
                <width>300</width>
                <height>125</height>
                <align>center</align>
                <aspectratio>keep</aspectratio>
            </control>  
        </control>    
        <control type="button" id="509">
            <description>Dynamic art</description>
            <label>logo</label>
            <visible>false</visible>
        </control>    
        <control type="image" id="510">
            <description>Dynamic art</description>
            <colordiffuse>FFFFFFFF</colordiffuse>
            <posx>58</posx>
            <posy>565</posy>
            <width>150</width>
            <height>62</height>
            <align>center</align>
            <aspectratio>keep</aspectratio>
            <visible>false</visible>
        </control> 
        <control type="image" id="511">
            <description>Sickbeard/Couchpotato Icon</description>   
            <posx>221</posx>
            <posy>630</posy>         
            <width>20</width>
            <height>20</height>
            <aspectratio>scale</aspectratio>
        </control> 
        <control type="image" id="512">
            <description>Unaired NEW Icon</description>         
            <posx>21</posx>
            <posy>528</posy>  
            <width>100</width>
            <height>100</height>
            <aspectratio>keep</aspectratio>
        </control>
        <!--TEXT Now Playing-->
        <control type="label" id="522">
            <posx>-15</posx>
            <posy>653</posy>
            <description>Now watching Label</description>
            <width>300</width>
            <height>30</height>
            <label>Now Playing</label>
            <font>font12</font>
            <align>center</align>
            <textcolor>C0C0C0C0</textcolor>
        </control>  
        
        <control type="progress">
            <posx>285</posx>
            <posy>560</posy>
            <width>950</width>
            <height>2</height>
            <texturebg>seek/progress_back.png</texturebg>
            <lefttexture border="0">seek/progresscache_left.png</lefttexture>
            <midtexture border="0">seek/progresscache_mid.png</midtexture>
            <righttexture border="0">seek/progresscache_right.png</righttexture>
            <info>Player.ProgressCache</info>
        </control>
        <control type="progress">
            <posx>285</posx>
            <posy>560</posy>
            <width>950</width>
            <height>2</height>
            <texturebg>seek/progresscache_back.png</texturebg>
            <lefttexture border="0">seek/progress_left.png</lefttexture>
            <midtexture border="0">seek/progress_mid.png</midtexture>
            <righttexture border="0">seek/progress_right.png</righttexture>
            <info>Player.Progress</info>
        </control>
        <control type="image" id="524">
            <description>Info Playback bar Coverup</description>
            <posx>285</posx>
            <posy>560</posy>
            <width>950</width>
            <height>2</height>
        </control>
        
        <control type="grouplist">
            <posx>20</posx>
            <posy>675</posy>
            <width>1280</width>
            <height>50</height>
            <align>left</align>
            <aligny>center</aligny>
            <orientation>horizontal</orientation>
            <itemgap>8</itemgap>
                <control type="image" id="506">
                    <description>Show Channel Icon</description>
                    <width>50</width>
                    <height>50</height>
                    <align>left</align>
                    <aligny>center</aligny>
                    <aspectratio>keep</aspectratio>
                </control>
        </control>             
        <!--Time/Weather-->   
        <control type="grouplist">
            <posx>1100</posx>
            <posy>675</posy>
            <align>left</align>
            <aligny>center</aligny>
            <orientation>horizontal</orientation>
            <itemgap>8</itemgap>
            <control type="label">
                <description>Time</description>
                <width>180</width>
                <height>50</height>
                <label>$INFO[System.Time]</label>
                <font>font12</font>
                <align>right</align>
                <textcolor>FFFFFFFF</textcolor>
            </control>
            <control type="label" id="800">
                <width>180</width>
                <height>50</height>
                <label>|</label>
                <font>font12</font>
                <textcolor>FFFFFFFF</textcolor>
            </control>
            <!--Weather-->
            <control type="label">
                <width>180</width>
                <height>50</height>
                <font>font12</font>
                <aspectratio align="center">keep</aspectratio>
                <label>$INFO[Window(weather).Property(Current.Temperature)] $INFO[System.TemperatureUnits]</label>
            </control>   
        </control>       
</controls>
</window>
