<?xml version="1.0" encoding="UTF-8" standalone="yes"?>
<addon
    id="script.pseudotv.live"
    version="0.3.7"
    name="PseudoTV Live"
    provider-name="Lunatixz">
    <requires>
        <import addon="xbmc.python" version="2.1.0"/>
        <import addon="script.module.requests" version="1.1.0"/>
        <import addon="script.common.plugin.cache" version="0.9.1"/>
        <import addon="script.module.beautifulsoup" version="3.2.1"/>
        <import addon="script.module.simplejson" version="0.9.1"/>
        <import addon="script.module.feedparser" version="0.9.1"/>
        <import addon="plugin.video.youtube" optional="true"/>
        <import addon="script.artwork.downloader" optional="true"/>
        <import addon="script.module.simple.downloader" optional="true"/>
        <import addon="plugin.video.ustvnow" optional="true" version="9.9.9"/>
    </requires>
    <extension point="xbmc.python.script"
        defaultresolution="720p"
        defaultresolutionwide="720p"
        library="default.py"/>
    <extension point="xbmc.service" library="service.py" start="startup"/>
    <extension point="xbmc.addon.metadata">
        <platform>all</platform>
        <minversion>35647</minversion>
        <summary lang="en">Channel surfing for your video library</summary>
        <description lang="en">PseudoTV acts similar to normal broadcast or cable TV, complete with multiple preset and user-defined channels and an EPG.</description>
	</extension>
</addon>
