<window>
    <allowoverlay>no</allowoverlay>
    <coordinates>
        <system>1</system>
        <posx>0</posx>
        <posy>0</posy>
    </coordinates>
    <controls>
        <control type="button" id="100"><!--todo-->
            <description>channelbug color</description>
            <label>C0C0C0C0</label>
            <visible>false</visible>
        </control>
        <control type="image" id="101">
            <description>Background</description>
            <posx>0</posx>
            <posy>0</posy>
            <width>1920</width>
            <height>1080</height>
            <texture>pstvSolid.png</texture>
            <colordiffuse>FF000000</colordiffuse>
        </control>
        <control type="image" id="103">
            <description>Channel Bug</description>
            <posx>150r</posx>
            <posy>125r</posy>
            <width>100</width>
            <height>100</height>
            <aspectratio>keep</aspectratio>
            <texture></texture>
            <animation effect="fade" start="40" end="40" condition="True">Conditional</animation>
        </control>
        <control type="group" id="102">
            <animation effect="fade" time="500">VisibleChange</animation>
            <control type="image">
                <description>Info Background Image</description>
                <posx>0</posx>
                <posy>0</posy>
                <width>1280</width>
                <height>720</height>
                <texture>pstvInfoWindow.png</texture>
            </control>
<!--line 1 -->

                <control type="label" id="504">
                    <description>ShowTitle Description</description>
					<posx>220</posx>
					<posy>570</posy>
                    <width min="15" max="800">auto</width>
                    <height>30</height>
                    <label>Show Title detail</label>
                    <font>font13_title</font>
                    <align>left</align>
                    <textcolor>FFFFFFFF</textcolor>
                </control>

            <control type="grouplist">
                <posx>240</posx>
                <posy>515</posy>
                <width>850</width>
                <height>60</height>
                <orientation>horizontal</orientation>
                <itemgap>5</itemgap>
                <control type="label" id="502">
                    <description>Now watching Label</description>
                    <width>0</width>
                    <height>0</height>
                    <label></label>
                    <font>Font_Bold34</font>
                    <align>center</align>
                    <textcolor>FFFFFFFF</textcolor>
					<visible>false</visible>
                </control>
                <control type="label" id="503">
                    <description>Show title Label</description>
                    <width min="5" max="650">auto</width>
                    <height>60</height>
                    <label>Show title</label>
                    <font>font35_title</font>
                    <align>left</align>
                    <textcolor>FFE6B800</textcolor>
                </control>
                <control type="label">
                    <description>Showtitle Sep Label</description>
                    <width>10</width>
                    <height>30</height>
                    <label>�</label>
                    <font>font12</font>
                    <align>center</align>
                    <aligny>center</aligny>
                    <textcolor>FF00b4db</textcolor>
                    <visible>false</visible>
                </control>

                <control type="image" id="511">
                    <description>Sickbeard/Couchpotato Icon</description>            
                    <width>30</width>
                    <height>30</height>
                    <aspectratio>keep</aspectratio>
                </control>
    <!--chan bug?-->				
                <control type="label">
                    <description>Show Name Label</description>
                    <width min="10" max="50">auto</width>
                    <height>30</height>
                    <label></label>
                    <font>font_bold20</font>
                    <align>left</align>
                    <textcolor>FF00b4db</textcolor>
                </control>
            </control>
<!--
<control type="label" id="300">
<description>Channel Name</description>
<width min="5" max="600">auto</width>
<height>30</height>
<label>Channel Name</label>
<font>font13</font>
<align>left</align>
<aligny>center</aligny>
<textcolor>FFFFFFFF</textcolor>
</control> -->
<!--line 2 logos-->      
        <!--NowPlaying.Window-->   
        <control type="group">  
            <posx>1080</posx>
            <posy>600</posy>        
             <control type="image" >
                <texture fallback="clearlogo.png">$INFO[Player.Art(clearlogo)]</texture>
                <width>170</width>
                <height>75</height>
                <align>center</align>
                <aspectratio>keep</aspectratio>
                <visible>false</visible>
            </control>
            <control type="image" >
                <texture fallback="clearlogo.png">$INFO[Player.Art(tvshow.clearlogo)]</texture>
                <width>170</width>
                <height>75</height>
                <align>center</align>
                <aspectratio>keep</aspectratio>
                <visible>false</visible>
            </control> 
            <control type="button" id="509">
                <description>Dynamic art</description>
                <label>logo</label>
                <visible>false</visible>
            </control>
            <control type="image" id="510">
                <description>Dynamic art</description>
                <width>170</width>
                <height>75</height>
                <align>center</align>
                <aspectratio>keep</aspectratio>
            </control> 
        </control>
          
         <control type="image">
            <texture fallback="poster.png">$INFO[Player.Art(poster)]</texture>
            <posx>1040</posx>
            <posy>420</posy>
            <width  max="200">auto</width>
            <height  max="300">auto</height>
            <aspectratio>scale</aspectratio>
			<visible>false</visible>
        </control>
        <control type="image">
            <texture>$INFO[Player.Art(tvshow.poster)]</texture>
            <posx>1040</posx>
            <posy>420</posy>
            <width  max="200">auto</width>
            <height  max="300">auto</height>
            <aspectratio>scale</aspectratio>
			<visible>false</visible>
        </control>
        <control type="button" id="507">
            <description>Dynamic art</description>
            <label>poster</label>
            <visible>false</visible>
        </control>
        <control type="image" id="508">
            <description>Dynamic art</description>
            <posx>1040</posx>
            <posy>420</posy>
            <colordiffuse>FFFFFFFF</colordiffuse>
            <width  max="200">auto</width>
            <height  max="300">auto</height>
            <aspectratio>scale</aspectratio>
			<visible>false</visible>
        </control> 
        <control type="image" id="512">
            <description>Unaired NEW Icon</description> 
            <posx>1040</posx>
            <posy>420</posy>           
            <width>100</width>
            <height>100</height>
            <aspectratio>keep</aspectratio>
        </control>
        <control type="label" id="505">
            <description>Show Description</description>
            <posx>190</posx>
            <posy>595</posy>
            <width min="635" max="800">auto</width>
            <height>100</height>
            <align>left</align>
            <aligny>top</aligny>
            <label>Show Description</label>
            <textcolor>FFFFFFFF</textcolor>
            <font>font13</font>
            <wrapmultiline>true</wrapmultiline>
            <autoscroll time="1000" delay="1000" repeat="2000">Skin.HasSetting(AutoScroll)</autoscroll>
        </control>
<!--line 3 logos

            <control type="label">
                <posx>750</posx>
				<posy>515</posy>
                <width>645</width>
                <height>30</height>
                <align>left</align>
                <aligny>center</aligny>
                <font>font12</font>
                <textcolor>FFFFFFFF</textcolor>
                <label>$INFO[PlayerPlayer.FinishTime, Finish By: ]</label>

                
            </control> -->



        <control type="grouplist">
            <posx>155</posx>
            <posy>700</posy>
            <width>850</width>
            <height>30</height>
            <itemgap>5</itemgap>
            <orientation>horizontal</orientation>
            <control type="image">
                <description>Video rez Image</description>
                <width>30</width>
                <height>30</height>
                <aspectratio>keep</aspectratio>
                <texture>$INFO[VideoPlayer.VideoResolution,flags\resolution\,.png]</texture>
                <colordiffuse>white</colordiffuse>
                <visible>!IsEmpty(VideoPlayer.VideoResolution)</visible>
            </control>
            <control type="image">
                <description>Codec Image</description>
                <width>30</width>
                <height>30</height>
                <aspectratio>keep</aspectratio>
                <texture>$INFO[VideoPlayer.VideoCodec,flags\source\,.png]</texture>
                <colordiffuse>white</colordiffuse>
                <visible>![substring(VideoPlayer.VideoCodec,div,left) | stringcompare(VideoPlayer.VideoCodec,dx50)]</visible>
            </control>
            <control type="image">
                <description>Codec Image</description>
                <width>30</width>
                <height>30</height>
                <aspectratio>keep</aspectratio>
                <texture>flags\source\divx.png</texture>
                <colordiffuse>white</colordiffuse>
                <visible>[substring(VideoPlayer.VideoCodec,div,left) | stringcompare(VideoPlayer.VideoCodec,dx50)]</visible>
            </control>
            <control type="image">
                <description>Aspectratio Image</description>
                <width>30</width>
                <height>30</height>
                <aspectratio>keep</aspectratio>
                <texture>$INFO[VideoPlayer.VideoAspect,flags\aspectratio\,.png]</texture>
                <colordiffuse>white</colordiffuse>
                <visible>!IsEmpty(VideoPlayer.VideoAspect)</visible>
            </control>
            <control type="image">
                <description>Audio Codec Image</description>
                <width>30</width>
                <height>30</height>
                <aspectratio>keep</aspectratio>
                <texture>$INFO[VideoPlayer.AudioCodec,flags\audio\,.png]</texture>
                <colordiffuse>white</colordiffuse>
            </control>
            <control type="image">
                <description>Audio Channel Image</description>
                <width>30</width>
                <height>30</height>
                <aspectratio>keep</aspectratio>
                <texture>$INFO[VideoPlayer.AudioChannels,flags\audio\,.png]</texture>
                <colordiffuse>white</colordiffuse>
                <visible>!IsEmpty(VideoPlayer.AudioChannels)</visible>
            </control>
            <!-- <control type="fadelabel">
                <posy>545</posy>
                <width>645</width>
                <height>30</height>
                <align>left</align>
                <aligny>center</aligny>
                <font>font12</font>
                <textcolor>FFFFFFFF</textcolor>
                <label>$INFO[VideoPlayer.Genre]</label>
                <label>$INFO[VideoPlayer.RatingAndVotes,[COLOR bcicon]$LOCALIZE[31095]:[/COLOR] ]$INFO[VideoPlayer.Top250,[COLOR bcicon] $LOCALIZE[13409][/COLOR] # ]</label>
                <label>$INFO[VideoPlayer.mpaa]</label>
                <label>$INFO[VideoPlayer.TimeRemaining, Remaining: ]</label>
                <scroll>true</scroll>
                <scrollspeed>70</scrollspeed>
                <pauseatend>5000</pauseatend>
                <visible>VideoPlayer.Content(movies)</visible> 
            </control> -->

        </control>                
            <!--hulu.logo-->
            <control type="image">
                <description>hulu</description>                
                <posx>950</posx>
                <posy>515</posy>
                <width>170</width>
                <height>40</height>
                <colordiffuse>FFFFFFFF</colordiffuse>
                <aspectratio>keep</aspectratio>
                <align>center</align>
                <texture>hulu.png</texture>
                <visible>[substring(Player.FilenameAndPath,hulu)]</visible>
            </control>
			<control type="image" id="506">
                <description>Channel Logo</description>
                <posx>25</posx>
                <posy>575</posy>
                <width>125</width>
                <height>125</height>
    			<aspectratio>keep</aspectratio>
            </control>
        <control type="label">
            <description>Time</description>
            <posx>1090</posx>
            <posy>515</posy>
            <width min="40" max="250">auto</width>
            <height>30</height>
            <label>$INFO[System.Time]</label>
            <font>font35_title</font>
            <align>left</align>
            <textcolor>FFFFFFFF</textcolor>
        </control>
        <control type="label" id="513">
            <description>Weather</description>
            <posx>17r</posx>
            <posy>30</posy>
            <width min="40" max="100">auto</width>
            <height>30</height>
            <label>$INFO[Weather.Temperature]</label>
            <font>font12</font>
            <align>right</align>
            <textcolor>FFFFFFFF</textcolor>
        </control>
        <control type="label" id="512">
            <description>Weather</description>
            <posx>17r</posx>
            <posy>55</posy>
            <width min="40" max="200">auto</width>
            <height>30</height>
            <label>$INFO[Weather.Conditions]</label>
            <font>font12</font>
            <align>right</align>
            <textcolor>FFFFFFFF</textcolor>
        </control>
        </control>
    </controls>
</window>
