<window>
    <allowoverlay>no</allowoverlay>
    <onload>ActivateWindow(9506)</onload>
    <onunload>ActivateWindow(12005)</onunload>
    <coordinates>
        <system>1</system>
        <posx>0</posx>
        <posy>0</posy>
    </coordinates>
    <animation effect="fade" time="700">WindowOpen</animation>
    <animation effect="fade" time="700">WindowClose</animation>
    <controls>
	

	
<!--EPG Background-->
        <control type="image">
            <description>Info Background</description>
            <posx>0</posx>
            <posy>0</posy>
            <width>1280</width>
            <height>720</height>
            <texture>pstvBackground.png</texture>
            <colordiffuse>FFFFFFFF</colordiffuse>
        </control>        
        <!--TEXT Now Playing-->
        <control type="label" id="522">
            <description>Now watching Label</description>
            <posx>950</posx>
            <posy>525</posy>
            <width min="100" max="300">auto</width>
            <height>30</height>
            <label>Now Playing</label>
            <font>Font_Bold34</font>
            <align>center</align>
            <textcolor>C0C0C0C0</textcolor>
			<visible>false</visible>
        </control>   
		

        <!--NowPlaying.Window-->
        <control type="group">            
            <posx>753</posx>
            <posy>0</posy>
            <control type="button" id="509">
                <description>Dynamic art</description>
                <label>landscape</label>
                <visible>false</visible>
            </control>
            <control type="image" id="510">
                <description>Dynamic art</description>
                <colordiffuse>FFFFFFFF</colordiffuse>
                <width>528</width>
                <height>292</height>
                <align>center</align>
                <!--<aspectratio>keep</aspectratio> -->
            </control>
            <!--Movie.landscape Now Playing-->
            <control type="image">
                <description>landscape</description>
                <colordiffuse>FFFFFFFF</colordiffuse>
                <width>528</width>
                <height>292</height>
                <align>center</align>
                <!--<aspectratio>keep</aspectratio> -->
                <texture fallback="landscape.png">$INFO[Player.Art(landscape)]</texture>
            </control>
            <!--TV.landscape Now Playing-->
            <control type="image">
                <description>landscape</description>
                <colordiffuse>FFFFFFFF</colordiffuse>
                <width>528</width>
                <height>292</height>
                <align>center</align>
                <!--<aspectratio>keep</aspectratio> -->
                <texture>$INFO[Player.Art(tvshow.landscape)]</texture>
                <visible>VideoPlayer.Content(episodes)</visible>
            </control>
            <!--hulu-->
            <control type="image">
                <description>hulu</description>
                <colordiffuse>FFFFFFFF</colordiffuse>
                <width>528</width>
                <height>292</height>
                <align>center</align>
                <!--<aspectratio>keep</aspectratio> -->
                <texture>EPG.Hulu.png</texture>
                <visible>[substring(Player.FilenameAndPath,hulu) + IsEmpty(Player.Art(tvshow.landscape))]</visible>
            </control>     
            <control type="button" id="507">
                <description>Dynamic art</description>
                <label>landscape</label>
                <visible>false</visible>
            </control>
            <control type="image" id="508">
                <description>Dynamic art</description>
                <colordiffuse>FFFFFFFF</colordiffuse>
                <width>528</width>
                <height>292</height>
                <align>center</align>
                <!--<aspectratio>keep</aspectratio> -->
            </control>
            <!-- #### Skinners Include Everything for videowindow patch to work #### -->
            <!-- PATCH START --> <!-- 
            <control type="videowindow">
                <description>video</description>
                <width>528</width>
                <height>292</height>
                <align>center</align>
                <aspectratio>stretch</aspectratio>
            </control>
            --> <!-- PATCH END -->
            <!-- ################################################################## -->
        </control>
        <control type="image" id="512">
            <description>Unaired NEW Icon</description>            
            <posx>989</posx>
            <posy>568</posy>
            <width>100</width>
            <height>100</height>
            <aspectratio>keep</aspectratio>
        </control>
        <!--Time/Weather-->    
        <control type="label">
            <description>Time</description>
            <posx>450</posx>
            <posy>85</posy>
            <width min="40" max="150">auto</width>
            <height>30</height>
            <label>$INFO[System.Time]</label>
            <font>font28_title</font>
            <align>center</align>
            <textcolor>FFFFFFFF</textcolor>
        </control>
        <!--Weather-->
        <control type="image" id="800">
            <posx>20</posx>
            <posy>70</posy>
            <width>60</width>
            <height>60</height>
            <aspectratio align="center">keep</aspectratio>
            <info>Window(weather).Property(Current.ConditionIcon)</info>
        </control>
        <control type="label">
            <description>Weather</description>
            <posx>180</posx>
            <posy>60</posy>
            <width min="40" max="100">auto</width>
            <height>10</height>
            <label>$INFO[Window(weather).Property(Current.Temperature)] $INFO[System.TemperatureUnits]</label>
            <font>Font_Reg10</font>
            <align>center</align>
            <textcolor>FFFFFFFF</textcolor>
			<visible>!Control.IsVisible(800)</visible>
        </control>
        <control type="grouplist">
            <posx>20</posx>
            <posy>135</posy>
            <width>720</width>
            <height>60</height>
            <align>left</align>
            <aligny>center</aligny>
            <orientation>horizontal</orientation>
            <itemgap>5</itemgap>
            <control type="label" id="500">
                <description>Show Name Label</description>
                <width min="5" max="730">auto</width>
                <height>40</height>
                <label>Show Name</label>
                <font>font24_title</font>
                <align>left</align>
                <aligny>center</aligny>
                <textcolor>FFFFFF99</textcolor>
            </control>
            <control type="label">
                <description>Show Name Label</description>
                <width>10</width>
                <height>40</height>
                <label>�</label>
                <font>font24_title</font>
                <align>left</align>
                <aligny>center</aligny>
                <textcolor>FF00b4db</textcolor>
            </control>
            <control type="label" id="501">
                <description>Show Title Label</description>
                <width>740</width>
                <height>40</height>
                <label>Show Title</label>
                <font>font24_title</font>
                <align>left</align>
                <aligny>center</aligny>
                <textcolor>FFFFFFFF</textcolor>
            </control>        
        </control>
        <control type="image" id="511">
            <description>Sickbeard/Couchpotato Icon</description>            
            <posx>880</posx>
            <posy>525</posy>
            <width>20</width>
            <height>20</height>
            <aspectratio>keep</aspectratio>
        </control>
        <control type="label" id="502">
            <description>Show Description Label</description>
            <posx>20</posx>
            <posy>175</posy>
            <width>725</width>
            <height>100</height>
            <label>Show Description</label>
            <font>font16caps</font>
            <align>left</align>
            <aligny>top</aligny>
            <textcolor>FFFFFFFF</textcolor>
            <wrapmultiline>true</wrapmultiline>
        </control>
        <control type="image" id="503">
            <description>Show Channel Icon</description>
            <posx>1310</posx>
            <posy>605</posy>
            <width>100</width>
            <height>100</height>
            <aspectratio>keep</aspectratio>
            <aligny>top</aligny>
        </control>                 
        <control type="button" id="100">  
            <label>FFFFFFFF</label><!--textcolor-->
            <label2>FF7d7d7d</label2><!--focusedcolor-->
            <visible>false</visible>
        </control>
        <control type="label" id="101">  
            <description>Time Left Label</description>
            <posx>380</posx>
            <posy>305</posy>
            <width>270</width>
            <height>26</height>
            <label>Time 1</label>
            <font>font24_title</font>
            <align>left</align>
            <aligny>center</aligny>
            <textcolor>FFFFFFFF</textcolor>
        </control>
		<control type="label" id="102">
            <description>Time Middle Label</description>
            <posx>680</posx>
            <posy>305</posy>
            <width>270</width>
            <height>26</height>
            <label>Time 2</label>
            <font>font24_title</font>
            <align>left</align>
            <aligny>center</aligny>
            <textcolor>FFFFFFFF</textcolor>
        </control>
		<control type="label" id="103">
            <description>Time Right Label</description>
            <posx>1000</posx>
            <posy>305</posy>
            <width>270</width>
            <height>26</height>
            <label>Time 2</label>
            <font>font24_title</font>
            <align>left</align>
            <aligny>center</aligny>
            <textcolor>FFFFFFFF</textcolor>
        </control>
		<!--Date-->
		<control type="label" id="104">
            <description>Date Label</description>
            <posx>10</posx>
            <posy>305</posy>
            <width>270</width>
            <height>26</height>
            <label>Current Date</label>
            <font>font24_title</font>
            <align>left</align>
            <aligny>center</aligny>
            <textcolor>FFFFFFFF</textcolor>
        </control>            
        <control type="button" id="105">  
            <label>font14</label><!--textfont-->
            <visible>false</visible>
        </control>
        <!--SHOW LISTINGS-->
		<control type="group" id="111">
            <posx>259</posx>
            <posy>352</posy>
            <width>1000</width>
            <height>62</height>
        </control>
        <control type="group" id="112">
            <posx>259</posx>
            <posy>412</posy>
            <width>1000</width>
            <height>62</height>
        </control>
        <control type="group" id="113">
            <posx>259</posx>
            <posy>472</posy>
            <width>1000</width>
            <height>63</height>
        </control>
        <control type="group" id="114">
            <posx>259</posx>
            <posy>533</posy>
            <width>1000</width>
            <height>62</height>
        </control>
        <control type="group" id="115">
            <posx>259</posx>
            <posy>593</posy>
            <width>1000</width>
            <height>64</height>
        </control>
        <control type="group" id="116">
            <posx>259</posx>
            <posy>655</posy>
            <width>1000</width>
            <height>64</height>
        </control>
        <control type="group" id="120">
            <posx>220</posx>
            <posy>180</posy>
            <width>20</width>
            <height>330</height>
        </control>
        <!--CHANNEL BUTTONS AND LABELS-->
        <control type="label" id="301">
            <description>Channel 1 Name</description>
            <posx>60</posx>
            <posy>360</posy>
            <width>220</width>
            <height>42</height>
            <label>Channel</label>
            <font>font20_title</font>
            <align>left</align>
            <aligny>center</aligny>
            <textcolor>FF000000</textcolor>
            <visible>StringCompare(Control.GetLabel(321),)</visible>
        </control>
        <control type="label" id="311">
            <description>Channel 1 Number</description>
            <posx>50</posx>
            <posy>360</posy>
            <width>400</width>
            <height>42</height>
            <label>1</label>
            <font>font24_title</font>
            <align>right</align>
            <aligny>center</aligny>
            <textcolor>FF000000</textcolor>
        </control>
        <control type="image" id="321">
            <description>Channel 1 Icon</description>
            <posx>100</posx>
            <posy>355</posy>
            <width>80</width>
            <height>50</height>
            <align>center</align>
            <aligny>center</aligny>
            <aspectratio>keep</aspectratio>
            <visible>!StringCompare(Control.GetLabel(321),)</visible>
        </control>
        <control type="label" id="302">
            <description>Channel 2 Name</description>
            <posx>60</posx>
            <posy>420</posy>
            <width>220</width>
            <height>42</height>
            <label>Channel</label>
            <font>font20_title</font>
            <align>left</align>
            <aligny>center</aligny>
            <textcolor>FF000000</textcolor>
            <visible>StringCompare(Control.GetLabel(322),)</visible>
        </control>
        <control type="label" id="312">
            <description>Channel 2 Number</description>
            <posx>50</posx>
            <posy>420</posy>
            <width>400</width>
            <height>42</height>
            <label>2</label>
            <font>font24_title</font>
            <align>right</align>
            <aligny>center</aligny>
            <textcolor>FF000000</textcolor>
        </control>
        <control type="image" id="322">
            <description>Channel 2 Icon</description>
            <posx>100</posx>
            <posy>417</posy>
            <width>80</width>
            <height>50</height>
            <align>center</align>
            <aligny>center</aligny>
            <aspectratio>keep</aspectratio>
            <visible>!StringCompare(Control.GetLabel(322),)</visible>
        </control>
        <control type="label" id="303">
            <description>Channel 3 Name</description>
            <posx>60</posx>
            <posy>478</posy>
            <width>220</width>
            <height>42</height>
            <label>Channel</label>
            <font>font20_title</font>
            <align>left</align>
            <aligny>center</aligny>
            <textcolor>FF000000</textcolor>
            <visible>StringCompare(Control.GetLabel(323),)</visible>
        </control>
        <control type="label" id="313">
            <description>Channel 3 Number</description>
            <posx>50</posx>
            <posy>478</posy>
            <width>400</width>
            <height>42</height>
            <label>3</label>
            <font>font24_title</font>
            <align>right</align>
            <aligny>center</aligny>
            <textcolor>FF000000</textcolor>
        </control>
        <control type="image" id="323">
            <description>Channel 3 Icon</description>
            <posx>100</posx>
            <posy>478</posy>
            <width>80</width>
            <height>50</height>
            <align>center</align>
            <aligny>center</aligny>
            <aspectratio>keep</aspectratio>
            <visible>!StringCompare(Control.GetLabel(323),)</visible>
        </control>
        <control type="label" id="304">
            <description>Channel 4 Name</description>
            <posx>60</posx>
            <posy>540</posy>
            <width>220</width>
            <height>42</height>
            <label>Channel</label>
            <font>font20_title</font>
            <align>left</align>
            <aligny>center</aligny>
            <textcolor>FF000000</textcolor>
            <visible>StringCompare(Control.GetLabel(324),)</visible>
        </control>
        <control type="label" id="314">
            <description>Channel 4 Number</description>
            <posx>50</posx>
            <posy>540</posy>
            <width>400</width>
            <height>42</height>
            <label>4</label>
            <font>font24_title</font>
            <align>right</align>
            <aligny>center</aligny>
            <textcolor>FF000000</textcolor>
        </control>
        <control type="image" id="324">
            <description>Channel 4 Icon</description>
            <posx>100</posx>
            <posy>540</posy>
            <width>80</width>
            <height>50</height>
            <align>center</align>
            <aligny>center</aligny>
            <aspectratio>keep</aspectratio>
            <visible>!StringCompare(Control.GetLabel(324),)</visible>
        </control>
        <control type="label" id="305">
            <description>Channel 5 Name</description>
            <posx>60</posx>
            <posy>602</posy>
            <width>220</width>
            <height>42</height>
            <label>Channel</label>
            <font>font20_title</font>
            <align>left</align>
            <aligny>center</aligny>
            <textcolor>FF000000</textcolor>
            <visible>StringCompare(Control.GetLabel(325),)</visible>
        </control>
        <control type="label" id="315">
            <description>Channel 5 Number</description>
            <posx>50</posx>
            <posy>602</posy>
            <width>400</width>
            <height>42</height>
            <label>5</label>
            <font>font24_title</font>
            <align>right</align>
            <aligny>center</aligny>
            <textcolor>FF000000</textcolor>
        </control>
        <control type="image" id="325">
            <description>Channel 5 Icon</description>
            <posx>100</posx>
            <posy>602</posy>
            <width>80</width>
            <height>50</height>
            <align>center</align>
            <aligny>center</aligny>
            <aspectratio>keep</aspectratio>
            <visible>!StringCompare(Control.GetLabel(325),)</visible>
        </control>        
        <control type="label" id="306">
            <description>Channel 6 Name</description>
            <posx>60</posx>
            <posy>662</posy>
            <width>220</width>
            <height>42</height>
            <label>Channel</label>
            <font>font20_title</font>
            <align>left</align>
            <aligny>center</aligny>
            <textcolor>FF000000</textcolor>
            <visible>StringCompare(Control.GetLabel(326),)</visible>
        </control>
        <control type="label" id="316">
            <description>Channel 6 Number</description>
            <posx>50</posx>
            <posy>662</posy>
            <width>400</width>
            <height>42</height>
            <label>6</label>
            <font>font24_title</font>
            <align>right</align>
            <aligny>center</aligny>
            <textcolor>FF000000</textcolor>
        </control>
        <control type="image" id="326">
            <description>Channel 6 Icon</description>
            <posx>100</posx>
            <posy>662</posy>
            <width>80</width>
            <height>50</height>
            <align>center</align>
            <aligny>center</aligny>
            <aspectratio>keep</aspectratio>
            <visible>!StringCompare(Control.GetLabel(326),)</visible>
        </control>                
    <!--hulu.logo 
    <control type="image">
        <description>hulu</description>                
        <posx>800</posx>
        <posy>100</posy>
        <width>170</width>
        <height>30</height>
        <colordiffuse>FFFFFFFF</colordiffuse>
        <aspectratio>keep</aspectratio>
        <align>center</align>
        <texture>hulu.png</texture>
        <visible><visible>[substring(Player.FilenameAndPath,hulu) + Control.IsVisible(510)]</visible></visible>
    </control>	-->

</controls>
</window>
